FID,Shape *,Evento,PC1_woe,PC2_woe,V2X_woe,X1R_woe,X3R_woe
4,Point ZM,1,-0.431997,0.616158,-0.202755,0.165285,0.543944
7,Point ZM,1,0.965277,0.304827,1.26205,0.165285,0.083882
8,Point ZM,1,0.965277,0.304827,1.26205,0.165285,0.083882
9,Point ZM,1,0.965277,0.304827,1.26205,0.165285,0.083882
10,Point ZM,1,0.965277,0.304827,1.26205,0.165285,0.17043
11,Point ZM,1,0.496723,-0.159533,1.26205,0.165285,0.083882
12,Point ZM,1,0.965277,-0.159533,1.26205,0.165285,0.083882
13,Point ZM,1,-0.431997,-0.159533,1.26205,0.165285,0.543944
15,Point ZM,1,0.496723,0.616158,-0.202755,0.165285,0.083882
16,Point ZM,1,0.965277,0.304827,-0.202755,0.165285,0.543944
18,Point ZM,1,0.496723,-1.03019,-0.202755,0.165285,0.17043
21,Point ZM,1,0.496723,-0.159533,1.26205,0.165285,0.543944
22,Point ZM,1,0.496723,0.304827,1.20354,0.165285,0.543944
24,Point ZM,1,-0.873904,-0.159533,-1.03193,0.165285,-0.809453
25,Point ZM,1,-1.11444,0.304827,-1.03193,0.165285,0.17043
28,Point ZM,1,-0.873904,0.616158,-0.620864,0.165285,0.17043
30,Point ZM,1,0.965277,0.304827,0.308424,0.165285,-0.809453
31,Point ZM,1,0.496723,0.304827,0.308424,0.165285,-0.809453
32,Point ZM,1,0.496723,0.616158,0.341524,0.165285,-0.809453
33,Point ZM,1,0.965277,-0.186688,0.341524,0.165285,0.543944
34,Point ZM,1,0.965277,-0.186688,0.341524,0.165285,0.083882
35,Point ZM,1,0.965277,0.304827,0.308424,0.165285,0.17043
40,Point ZM,1,0.496723,0.304827,-0.682033,0.165285,0.083882
41,Point ZM,1,0.965277,-0.186688,-1.03193,0.165285,0.17043
42,Point ZM,1,0.496723,-1.03019,-0.044,0.165285,-0.809453
43,Point ZM,1,-1.11444,0.616158,-0.620864,0.165285,-0.298904
45,Point ZM,1,-0.873904,-0.159533,-2.2218,0.165285,-0.809453
46,Point ZM,1,-1.11444,-0.159533,-2.2218,0.165285,-0.298904
47,Point ZM,1,-0.431997,0.304827,-2.2218,0.165285,-0.298904
48,Point ZM,1,-0.431997,0.304827,-2.2218,0.165285,-0.298904
49,Point ZM,1,-0.873904,0.616158,-2.2218,0.165285,-0.298904
52,Point ZM,1,-0.431997,-0.186688,0.341524,0.165285,0.17043
53,Point ZM,1,-0.873904,-1.03019,0.341524,0.165285,0.083882
54,Point ZM,1,0.496723,0.304827,0.308424,0.165285,0.17043
58,Point ZM,1,0.965277,0.304827,0.341524,0.165285,0.543944
60,Point ZM,1,0.965277,0.616158,0.341524,0.165285,0.083882
62,Point ZM,1,0.965277,-0.159533,0.143557,0.165285,0.543944
63,Point ZM,1,0.496723,0.304827,0.143557,0.165285,0.543944
64,Point ZM,1,0.965277,-0.186688,0.143557,0.165285,-0.809453
66,Point ZM,1,0.965277,0.304827,0.143557,0.165285,0.083882
67,Point ZM,1,0.496723,0.616158,-0.202755,0.165285,0.543944
68,Point ZM,1,0.965277,0.304827,1.60759,0.165285,0.083882
72,Point ZM,1,0.496723,0.304827,-0.682033,0.165285,0.543944
74,Point ZM,1,-0.431997,0.304827,-0.682033,0.165285,0.083882
75,Point ZM,1,0.496723,0.304827,-0.682033,0.165285,0.543944
76,Point ZM,1,0.496723,-0.186688,-0.502471,0.165285,0.083882
77,Point ZM,1,-0.873904,-0.186688,-0.502471,0.165285,0.543944
78,Point ZM,1,-0.431997,-0.159533,-0.682033,0.165285,0.543944
80,Point ZM,1,-0.873904,-0.186688,-0.682033,0.165285,-0.809453
81,Point ZM,1,-0.873904,0.304827,-0.682033,0.165285,-0.809453
83,Point ZM,1,-0.431997,0.304827,-0.620864,0.165285,0.083882
84,Point ZM,1,0.965277,0.304827,-1.54559,0.165285,0.083882
86,Point ZM,1,-1.11444,-1.03019,-0.202755,0.165285,-0.298904
88,Point ZM,1,0.965277,0.304827,-0.202755,0.165285,0.17043
91,Point ZM,1,0.965277,0.616158,-0.682033,0.165285,0.17043
92,Point ZM,1,0.965277,0.304827,-0.682033,0.165285,0.543944
93,Point ZM,1,0.965277,0.616158,-0.682033,0.165285,0.17043
94,Point ZM,1,0.496723,-0.186688,1.02094,0.165285,-0.809453
95,Point ZM,1,0.496723,-0.186688,1.02094,0.165285,-0.809453
98,Point ZM,1,-0.431997,-0.159533,1.02094,0.165285,-0.809453
99,Point ZM,1,-0.431997,-0.159533,-0.682033,0.165285,0.17043
101,Point ZM,1,-0.431997,0.304827,1.02094,0.165285,0.17043
102,Point ZM,1,0.965277,-0.159533,-0.682033,0.165285,-0.809453
105,Point ZM,1,0.965277,0.304827,1.02094,0.165285,0.083882
107,Point ZM,1,0.496723,-0.159533,1.02094,0.165285,0.543944
110,Point ZM,1,0.496723,-1.03019,1.26205,0.165285,0.543944
112,Point ZM,1,-0.431997,0.304827,-0.202755,0.165285,0.543944
113,Point ZM,1,-0.431997,-0.186688,1.26205,0.165285,0.083882
114,Point ZM,1,-0.431997,0.616158,-0.202755,0.165285,0.17043
115,Point ZM,1,-0.431997,0.304827,0.308424,0.165285,-0.809453
116,Point ZM,1,-0.873904,0.304827,0.308424,0.165285,-0.298904
119,Point ZM,1,0.496723,-1.03019,0.770265,0.165285,-0.298904
120,Point ZM,1,0.965277,-0.159533,-1.03193,0.165285,0.17043
123,Point ZM,1,0.965277,0.304827,1.26205,0.165285,0.083882
126,Point ZM,1,0.965277,0.304827,0.143557,0.165285,-0.809453
127,Point ZM,1,-0.431997,0.304827,0.341524,0.165285,0.083882
129,Point ZM,1,0.496723,-0.159533,-1.46465,0.165285,-0.809453
132,Point ZM,1,-0.431997,-0.159533,-0.202755,0.165285,0.083882
134,Point ZM,1,0.965277,0.304827,-0.682033,0.165285,0.083882
136,Point ZM,1,-0.873904,-1.03019,-1.03193,0.165285,0.17043
138,Point ZM,1,0.965277,-0.159533,1.60759,0.165285,0.17043
139,Point ZM,1,0.965277,0.616158,-0.657437,0.165285,0.083882
142,Point ZM,1,0.496723,0.616158,-0.202755,0.165285,0.543944
143,Point ZM,1,0.496723,-0.159533,-0.682033,0.165285,0.17043
146,Point ZM,1,-0.431997,-0.186688,2.61886,0.165285,-0.809453
147,Point ZM,1,0.965277,-0.186688,1.20354,0.165285,0.17043
155,Point ZM,1,0.965277,0.304827,-0.202755,0.165285,0.17043
159,Point ZM,1,0.965277,-0.186688,-0.202755,0.165285,-0.809453
160,Point ZM,1,0.965277,-0.159533,1.02094,0.165285,-0.809453
161,Point ZM,1,-0.431997,-0.159533,1.02094,0.165285,-0.809453
162,Point ZM,1,0.496723,-0.186688,1.02094,0.165285,-0.809453
163,Point ZM,1,0.496723,0.616158,1.60759,0.165285,0.17043
164,Point ZM,1,0.965277,0.304827,1.60759,0.165285,0.083882
166,Point ZM,1,0.965277,0.616158,1.60759,0.165285,0.083882
174,Point ZM,1,0.965277,0.304827,0.143557,0.165285,-0.298904
177,Point ZM,1,0.965277,-0.159533,-0.682033,0.165285,0.083882
180,Point ZM,1,0.965277,0.304827,-0.682033,0.165285,0.083882
181,Point ZM,1,0.496723,0.304827,-0.682033,0.165285,0.083882
182,Point ZM,1,0.496723,-0.159533,-0.682033,0.165285,0.083882
183,Point ZM,1,0.965277,0.304827,-0.682033,0.165285,0.083882
185,Point ZM,1,0.965277,0.616158,-0.682033,0.165285,-0.809453
186,Point ZM,1,0.496723,0.616158,-0.682033,0.165285,0.17043
187,Point ZM,1,0.496723,0.616158,-0.682033,0.165285,0.17043
188,Point ZM,1,0.965277,0.616158,-0.682033,0.165285,0.17043
189,Point ZM,1,0.496723,0.616158,-0.682033,0.165285,0.083882
191,Point ZM,1,0.965277,0.616158,-0.682033,0.165285,0.17043
195,Point ZM,1,0.496723,0.304827,-0.682033,0.165285,0.17043
196,Point ZM,1,0.965277,0.304827,-0.682033,0.165285,0.083882
197,Point ZM,1,0.965277,0.616158,-0.682033,0.165285,0.083882
198,Point ZM,1,0.965277,0.304827,-0.682033,0.165285,0.17043
199,Point ZM,1,0.965277,0.304827,-0.682033,0.165285,0.17043
200,Point ZM,1,0.965277,0.304827,-0.682033,0.165285,0.17043
204,Point ZM,1,0.496723,0.304827,-0.682033,0.165285,0.083882
205,Point ZM,1,0.496723,-0.159533,1.36214,0.165285,0.083882
219,Point ZM,1,0.496723,0.304827,0.143557,0.165285,-0.809453
220,Point ZM,1,0.965277,0.304827,0.143557,0.165285,-0.809453
221,Point ZM,1,0.496723,-0.159533,0.143557,0.165285,0.17043
224,Point ZM,1,0.965277,0.304827,0.143557,0.165285,0.17043
225,Point ZM,1,0.965277,0.304827,0.143557,0.165285,0.083882
226,Point ZM,1,0.965277,-0.159533,0.341524,0.165285,-0.809453
232,Point ZM,1,0.965277,0.616158,0.143557,0.165285,0.17043
233,Point ZM,1,0.496723,0.616158,0.143557,0.165285,0.543944
234,Point ZM,1,0.965277,0.304827,0.143557,0.165285,0.17043
238,Point ZM,1,0.496723,0.616158,0.143557,0.165285,0.543944
240,Point ZM,1,0.496723,0.616158,-0.202755,0.165285,0.17043
241,Point ZM,1,0.496723,0.304827,1.60759,0.165285,-0.809453
242,Point ZM,1,0.965277,0.616158,1.60759,0.165285,0.083882
243,Point ZM,1,0.965277,0.304827,1.60759,0.165285,0.543944
258,Point ZM,1,0.496723,-0.159533,1.20354,0.165285,0.543944
259,Point ZM,1,-0.431997,0.304827,1.20354,0.165285,0.083882
265,Point ZM,1,0.496723,-0.159533,0.341524,0.165285,0.083882
266,Point ZM,1,0.965277,0.304827,0.308424,0.165285,0.17043
268,Point ZM,1,-0.873904,0.616158,-0.682033,0.165285,-0.809453
269,Point ZM,1,-1.11444,0.616158,-0.682033,0.165285,-0.809453
271,Point ZM,1,0.496723,-0.186688,1.44251,0.165285,-0.298904
272,Point ZM,1,-1.11444,-1.03019,1.44251,0.165285,-0.298904
273,Point ZM,1,0.965277,-0.186688,-0.682033,0.165285,-0.298904
276,Point ZM,1,-1.11444,-0.159533,-0.202755,0.165285,0.543944
277,Point ZM,1,-1.11444,-0.159533,-0.202755,0.165285,0.543944
278,Point ZM,1,0.496723,-0.159533,1.20354,0.165285,0.543944
281,Point ZM,1,0.965277,-1.03019,1.20354,0.165285,0.083882
298,Point ZM,1,-0.873904,0.616158,1.20354,0.165285,0.083882
300,Point ZM,1,-0.873904,0.616158,1.20354,0.165285,0.543944
301,Point ZM,1,0.965277,-0.159533,1.20354,0.165285,0.543944
302,Point ZM,1,0.496723,-0.159533,1.20354,0.165285,0.543944
310,Point ZM,1,0.965277,0.616158,-0.202755,0.165285,0.083882
313,Point ZM,1,0.965277,-0.186688,1.20354,0.165285,0.17043
315,Point ZM,1,0.965277,0.616158,-0.682033,0.165285,-0.809453
320,Point ZM,1,-0.431997,-0.159533,1.26205,0.165285,0.083882
321,Point ZM,1,0.496723,0.616158,2.61886,0.165285,0.17043
325,Point ZM,1,0.965277,0.304827,1.20354,0.165285,0.543944
327,Point ZM,1,0.965277,0.616158,-0.682033,0.165285,0.17043
330,Point ZM,1,-0.431997,0.304827,-0.682033,0.165285,0.543944
331,Point ZM,1,-0.431997,-0.186688,-0.682033,0.165285,0.543944
336,Point ZM,1,0.496723,-0.186688,-0.657437,0.165285,0.543944
339,Point ZM,1,0.496723,0.616158,-0.202755,0.165285,0.543944
342,Point ZM,1,0.965277,0.304827,-0.202755,0.165285,0.543944
343,Point ZM,1,-0.873904,0.616158,-0.202755,0.165285,0.17043
347,Point ZM,1,0.496723,0.616158,2.61886,0.165285,0.543944
350,Point ZM,1,-0.873904,0.304827,1.20354,0.165285,0.543944
352,Point ZM,1,-0.873904,0.616158,1.20354,0.165285,0.543944
354,Point ZM,1,0.965277,0.304827,1.20354,0.165285,0.083882
357,Point ZM,1,0.496723,-0.159533,1.20354,0.165285,0.083882
358,Point ZM,1,0.496723,0.616158,1.20354,0.165285,0.083882
362,Point ZM,1,0.965277,0.304827,-0.682033,0.165285,0.083882
363,Point ZM,1,-0.431997,0.304827,1.20354,0.165285,0.083882
365,Point ZM,1,-0.873904,-0.159533,-0.682033,0.165285,0.083882
366,Point ZM,1,-1.11444,-0.186688,-0.682033,0.165285,0.543944
370,Point ZM,1,0.965277,0.616158,0.341524,0.165285,0.083882
372,Point ZM,1,-0.431997,-0.186688,0.143557,0.165285,0.543944
373,Point ZM,1,-0.431997,-0.186688,0.143557,0.165285,0.543944
377,Point ZM,1,0.965277,0.304827,-0.202755,0.165285,0.17043
380,Point ZM,1,0.965277,0.304827,-0.202755,0.165285,-0.809453
381,Point ZM,1,0.496723,0.304827,1.20354,0.165285,0.543944
382,Point ZM,1,0.496723,-0.159533,1.20354,0.165285,0.543944
383,Point ZM,1,0.965277,0.304827,1.20354,0.165285,0.543944
384,Point ZM,1,0.496723,0.304827,1.20354,0.165285,0.543944
386,Point ZM,1,0.496723,0.616158,1.20354,0.165285,-0.809453
387,Point ZM,1,0.965277,-0.159533,1.20354,0.165285,0.17043
388,Point ZM,1,0.496723,0.616158,1.20354,0.165285,0.17043
390,Point ZM,1,0.965277,0.304827,1.20354,0.165285,0.17043
391,Point ZM,1,0.965277,-0.186688,1.20354,0.165285,0.17043
392,Point ZM,1,0.965277,0.616158,1.20354,0.165285,0.17043
393,Point ZM,1,0.965277,0.616158,1.20354,0.165285,0.083882
394,Point ZM,1,0.496723,0.304827,1.20354,0.165285,0.083882
395,Point ZM,1,0.965277,0.616158,1.20354,0.165285,0.083882
401,Point ZM,1,0.965277,0.616158,1.20354,0.165285,0.543944
402,Point ZM,1,0.965277,-0.159533,1.20354,0.165285,0.543944
403,Point ZM,1,0.496723,-0.159533,1.20354,0.165285,0.543944
407,Point ZM,1,0.965277,-1.03019,1.20354,0.165285,0.083882
408,Point ZM,1,0.965277,-0.186688,1.20354,0.165285,0.543944
409,Point ZM,1,0.965277,-1.03019,1.20354,0.165285,0.083882
414,Point ZM,1,0.965277,-0.186688,-0.657437,0.165285,0.543944
415,Point ZM,1,0.965277,-0.186688,-0.657437,0.165285,0.083882
416,Point ZM,1,0.965277,0.616158,-0.657437,0.165285,0.083882
421,Point ZM,1,0.496723,0.616158,-0.657437,0.165285,0.083882
422,Point ZM,1,0.496723,0.616158,-0.657437,0.165285,0.083882
425,Point ZM,1,0.496723,0.304827,-0.657437,0.165285,0.083882
428,Point ZM,1,0.496723,0.616158,-0.202755,0.165285,0.543944
429,Point ZM,1,-0.431997,-0.159533,-0.202755,0.165285,0.083882
439,Point ZM,1,0.965277,0.616158,-0.682033,0.165285,0.17043
441,Point ZM,1,0.496723,0.616158,1.02094,0.165285,0.083882
443,Point ZM,1,0.496723,0.616158,1.02094,0.165285,-0.809453
446,Point ZM,1,0.496723,0.304827,1.02094,0.165285,0.083882
448,Point ZM,1,0.496723,0.616158,1.02094,0.165285,0.543944
449,Point ZM,1,0.496723,-0.159533,1.02094,0.165285,-0.809453
450,Point ZM,1,0.496723,-1.03019,1.02094,0.165285,-0.809453
452,Point ZM,1,-0.431997,-0.159533,1.02094,0.165285,0.543944
458,Point ZM,1,0.965277,0.304827,-1.54559,0.165285,0.543944
461,Point ZM,1,0.496723,-0.159533,-1.54559,0.165285,0.543944
463,Point ZM,1,0.496723,-1.03019,-1.54559,0.165285,0.543944
464,Point ZM,1,0.496723,-1.03019,-1.54559,0.165285,0.543944
465,Point ZM,1,0.965277,0.304827,1.02094,0.165285,-0.809453
466,Point ZM,1,0.496723,-0.186688,1.02094,0.165285,0.17043
474,Point ZM,1,0.496723,-1.03019,1.02094,0.165285,0.543944
475,Point ZM,1,0.496723,-1.03019,1.02094,0.165285,0.543944
476,Point ZM,1,0.965277,-0.186688,1.02094,0.165285,0.543944
480,Point ZM,1,-0.431997,0.304827,1.02094,0.165285,0.17043
481,Point ZM,1,0.965277,0.304827,1.02094,0.165285,-0.809453
482,Point ZM,1,0.965277,0.304827,1.02094,0.165285,-0.809453
483,Point ZM,1,0.965277,0.304827,1.02094,0.165285,-0.809453
486,Point ZM,1,0.965277,-0.186688,1.02094,0.165285,0.083882
487,Point ZM,1,0.965277,-0.159533,1.02094,0.165285,0.17043
488,Point ZM,1,0.965277,0.304827,1.02094,0.165285,0.17043
491,Point ZM,1,0.965277,-0.186688,1.02094,0.165285,0.083882
492,Point ZM,1,0.965277,0.616158,1.02094,0.165285,0.17043
499,Point ZM,1,0.965277,-0.159533,1.02094,0.165285,-0.809453
500,Point ZM,1,-0.431997,0.616158,1.60759,0.165285,0.543944
502,Point ZM,1,0.496723,-1.03019,-1.03193,0.165285,-0.809453
503,Point ZM,1,0.965277,0.304827,-1.46465,0.165285,0.083882
504,Point ZM,1,0.965277,0.304827,2.61886,0.165285,0.083882
505,Point ZM,1,-0.431997,-1.03019,0.341524,0.165285,0.543944
513,Point ZM,1,0.965277,0.616158,-0.202755,0.165285,0.543944
519,Point ZM,1,0.965277,0.304827,-0.202755,0.165285,0.543944
520,Point ZM,1,0.496723,0.616158,0.341524,0.165285,0.083882
521,Point ZM,1,-0.431997,-0.159533,1.20354,0.165285,0.083882
522,Point ZM,1,0.965277,-0.159533,-0.202755,0.165285,0.083882
524,Point ZM,1,-0.431997,-0.159533,-0.626496,0.165285,0.083882
526,Point ZM,1,-0.873904,-0.159533,-0.202755,0.165285,0.083882
527,Point ZM,1,0.496723,0.304827,-0.626496,0.165285,0.543944
528,Point ZM,1,0.965277,0.616158,-0.626496,0.165285,0.083882
529,Point ZM,1,0.496723,-0.159533,-0.626496,0.165285,0.083882
530,Point ZM,1,0.965277,-0.159533,-0.626496,0.165285,0.17043
532,Point ZM,1,-0.431997,0.616158,-0.626496,0.165285,0.17043
533,Point ZM,1,-0.873904,-0.159533,-2.2218,0.165285,0.17043
534,Point ZM,1,-0.873904,-0.159533,-2.2218,0.165285,0.17043
536,Point ZM,1,-1.11444,0.616158,-0.626496,0.165285,0.17043
537,Point ZM,1,0.965277,0.304827,1.02094,0.165285,0.543944
539,Point ZM,1,-0.873904,-0.159533,-2.2218,0.165285,0.17043
540,Point ZM,1,0.496723,-0.186688,1.26205,0.165285,0.543944
541,Point ZM,1,0.496723,0.304827,-0.202755,0.165285,-0.809453
542,Point ZM,1,0.965277,0.304827,-0.682033,0.165285,0.17043
543,Point ZM,1,0.965277,0.304827,-0.202755,0.165285,0.543944
547,Point ZM,1,-0.431997,0.616158,-0.202755,0.165285,0.543944
548,Point ZM,1,0.965277,0.304827,-0.202755,0.165285,0.543944
549,Point ZM,1,0.965277,-0.186688,-0.626496,0.165285,0.543944
550,Point ZM,1,-0.873904,-0.159533,-2.2218,0.165285,0.17043
551,Point ZM,1,-0.873904,-0.159533,-2.2218,0.165285,0.17043
557,Point ZM,1,-0.431997,-0.186688,-0.202755,0.165285,0.543944
558,Point ZM,1,0.965277,-1.03019,-0.626496,0.165285,0.543944
559,Point ZM,1,0.965277,-0.186688,-0.626496,0.165285,0.543944
560,Point ZM,1,0.496723,-0.159533,-0.626496,0.165285,0.543944
562,Point ZM,1,0.965277,-0.186688,-0.202755,0.165285,0.543944
563,Point ZM,1,0.965277,-0.159533,-0.202755,0.165285,0.543944
564,Point ZM,1,0.965277,-0.159533,-0.202755,0.165285,0.543944
565,Point ZM,1,0.496723,0.304827,-0.202755,0.165285,0.543944
566,Point ZM,1,0.496723,0.304827,-0.202755,0.165285,0.543944
569,Point ZM,1,-0.431997,0.304827,-0.202755,0.165285,0.543944
570,Point ZM,1,0.496723,-0.186688,-0.626496,0.165285,0.17043
571,Point ZM,1,0.496723,0.616158,0.143557,0.165285,-0.298904
573,Point ZM,1,0.496723,0.616158,2.61886,0.165285,0.543944
576,Point ZM,1,0.965277,0.304827,-0.202755,0.165285,0.543944
577,Point ZM,1,0.965277,-0.186688,-0.202755,0.165285,0.543944
579,Point ZM,1,-0.431997,-0.159533,-0.202755,0.165285,0.543944
581,Point ZM,1,0.965277,-0.159533,1.26205,0.165285,0.083882
587,Point ZM,1,0.496723,-1.03019,-1.03193,0.165285,-0.809453
588,Point ZM,1,0.965277,0.304827,-1.46465,0.165285,0.083882
589,Point ZM,1,-0.431997,-1.03019,0.341524,0.165285,0.543944
597,Point ZM,1,0.965277,0.616158,-0.202755,0.165285,0.543944
603,Point ZM,1,0.965277,0.304827,-0.202755,0.165285,0.543944
604,Point ZM,1,0.496723,0.616158,0.341524,0.165285,0.083882
605,Point ZM,1,-0.431997,-0.159533,1.20354,0.165285,0.083882
606,Point ZM,1,0.965277,-0.159533,-0.202755,0.165285,0.083882
608,Point ZM,1,0.496723,0.304827,-0.626496,0.165285,0.543944
609,Point ZM,1,0.965277,-0.159533,-0.626496,0.165285,0.17043
611,Point ZM,1,-0.873904,-0.159533,-2.2218,0.165285,0.17043
612,Point ZM,1,0.496723,0.304827,-0.202755,0.165285,-0.809453
613,Point ZM,1,0.965277,0.304827,-0.682033,0.165285,0.17043
614,Point ZM,1,0.965277,0.304827,-0.202755,0.165285,0.543944
618,Point ZM,1,-0.431997,0.616158,-0.202755,0.165285,0.543944
619,Point ZM,1,0.965277,-0.159533,-0.202755,0.165285,0.543944
620,Point ZM,1,0.965277,-0.186688,-0.626496,0.165285,0.543944
621,Point ZM,1,0.496723,-0.186688,1.26205,0.165285,0.543944
623,Point ZM,1,0.965277,0.304827,1.02094,0.165285,0.543944
624,Point ZM,1,-1.11444,0.616158,-0.626496,0.165285,0.17043
630,Point ZM,1,-0.873904,-0.159533,-0.044,0.165285,0.17043
633,Point ZM,0,0.965277,-0.159533,0.143557,0.165285,0.17043
634,Point ZM,0,0.965277,-0.159533,-0.202755,0.165285,0.083882
637,Point ZM,0,0.965277,0.304827,-0.202755,0.165285,0.083882
638,Point ZM,0,0.965277,0.616158,-0.202755,0.165285,0.083882
639,Point ZM,0,0.965277,0.616158,-0.202755,0.165285,-0.809453
640,Point ZM,0,0.965277,0.304827,-0.202755,0.165285,0.543944
641,Point ZM,0,0.965277,0.304827,-0.202755,0.165285,0.17043
642,Point ZM,0,0.965277,0.304827,0.341524,0.165285,0.083882
644,Point ZM,0,0.965277,-0.159533,0.341524,0.165285,0.17043
645,Point ZM,0,0.496723,0.304827,0.341524,0.165285,0.543944
646,Point ZM,0,0.965277,0.616158,1.02094,0.165285,0.17043
647,Point ZM,0,0.965277,-0.159533,0.341524,0.165285,-0.809453
648,Point ZM,0,0.965277,0.304827,0.341524,0.165285,-0.809453
650,Point ZM,0,-0.873904,-0.159533,-0.029,0.165285,0.083882
653,Point ZM,0,0.965277,-1.03019,-0.029,0.165285,-0.809453
656,Point ZM,0,0.496723,-1.03019,-0.027,0.165285,-0.298904
657,Point ZM,0,0.965277,-1.03019,-0.011,0.165285,-0.298904
658,Point ZM,0,0.496723,-1.03019,-0.011,0.165285,-0.298904
659,Point ZM,0,0.496723,0.304827,-0.682033,0.165285,0.17043
660,Point ZM,0,0.965277,0.616158,-1.03193,0.165285,0.543944
662,Point ZM,0,0.965277,0.616158,-0.682033,0.165285,0.543944
663,Point ZM,0,0.496723,0.616158,-0.682033,0.165285,0.17043
665,Point ZM,0,0.965277,-0.186688,-0.682033,0.165285,-0.809453
667,Point ZM,0,0.496723,-0.159533,-0.682033,0.165285,-0.298904
668,Point ZM,0,0.965277,-1.03019,-2.2218,0.165285,-0.298904
671,Point ZM,0,0.496723,-0.159533,-2.2218,0.165285,-0.809453
672,Point ZM,0,0.965277,-1.03019,-2.2218,0.165285,0.17043
673,Point ZM,0,0.965277,-0.159533,-0.202755,0.165285,0.083882
674,Point ZM,0,-0.431997,-0.159533,-0.202755,0.165285,0.083882
675,Point ZM,0,0.496723,-0.186688,-0.202755,0.165285,0.17043
676,Point ZM,0,0.965277,-0.186688,-0.202755,0.165285,-0.809453
678,Point ZM,0,0.496723,0.304827,-0.202755,0.165285,-0.298904
680,Point ZM,0,0.496723,0.616158,-0.202755,0.165285,0.543944
681,Point ZM,0,0.965277,-0.186688,-1.75235,0.165285,-0.809453
682,Point ZM,0,0.965277,-0.186688,-0.202755,0.165285,-0.298904
683,Point ZM,0,0.496723,0.616158,-1.75235,0.165285,-0.809453
684,Point ZM,0,-0.873904,-1.03019,-0.202755,0.165285,-0.809453
686,Point ZM,0,0.496723,-0.159533,-0.202755,0.165285,-0.809453
687,Point ZM,0,0.965277,-0.159533,-0.202755,0.165285,0.083882
692,Point ZM,0,-0.873904,-1.03019,-0.202755,0.165285,-0.809453
702,Point ZM,0,0.496723,0.304827,-0.626496,0.165285,-0.809453
706,Point ZM,0,-0.431997,0.304827,-0.626496,0.165285,-0.298904
717,Point ZM,0,-0.873904,-0.159533,-0.626496,0.165285,-0.809453
718,Point ZM,0,-0.431997,-0.186688,-0.012,0.165285,0.083882
719,Point ZM,0,0.496723,-1.03019,-1.03193,0.165285,-0.809453
723,Point ZM,0,-0.431997,-1.03019,-0.012,0.165285,0.17043
726,Point ZM,0,-1.11444,-0.186688,-0.682033,0.165285,-0.809453
727,Point ZM,0,0.965277,-1.03019,-1.54559,0.165285,0.083882
728,Point ZM,0,0.965277,-0.186688,-0.657437,0.165285,0.083882
729,Point ZM,0,0.965277,0.304827,-1.46465,0.165285,0.083882
730,Point ZM,0,0.965277,0.304827,-0.657437,0.165285,0.17043
731,Point ZM,0,0.965277,0.616158,-0.657437,0.165285,0.17043
732,Point ZM,0,0.965277,0.616158,-0.657437,0.165285,0.17043
733,Point ZM,0,0.965277,0.616158,-0.657437,0.165285,0.083882
734,Point ZM,0,0.965277,-0.186688,-1.46465,0.165285,0.083882
737,Point ZM,0,0.965277,0.304827,-0.657437,0.165285,0.083882
738,Point ZM,0,0.965277,0.616158,-0.202755,0.165285,0.083882
739,Point ZM,0,0.496723,0.616158,-0.202755,0.165285,0.17043
741,Point ZM,0,0.965277,-0.159533,-0.202755,0.165285,0.083882
748,Point ZM,0,0.965277,0.616158,-1.54559,0.165285,0.17043
749,Point ZM,0,0.965277,0.616158,-0.682033,0.165285,0.17043
750,Point ZM,0,0.965277,0.616158,-0.202755,0.165285,0.083882
751,Point ZM,0,0.965277,0.304827,-0.202755,0.165285,0.17043
752,Point ZM,0,-0.431997,-0.186688,-0.202755,0.165285,0.543944
753,Point ZM,0,0.496723,0.304827,-0.202755,0.165285,0.543944
756,Point ZM,0,0.965277,0.616158,-0.202755,0.165285,0.083882
759,Point ZM,0,0.965277,0.304827,0.341524,0.165285,0.17043
761,Point ZM,0,0.965277,0.304827,0.143557,0.165285,0.083882
762,Point ZM,0,0.965277,-0.159533,0.143557,0.165285,0.17043
763,Point ZM,0,0.965277,0.616158,0.143557,0.165285,0.17043
764,Point ZM,0,0.965277,-0.159533,-0.202755,0.165285,0.17043
765,Point ZM,0,0.965277,-0.186688,-0.202755,0.165285,-0.809453
766,Point ZM,0,0.965277,-0.186688,-0.202755,0.165285,0.17043
767,Point ZM,0,0.965277,-0.159533,0.143557,0.165285,-0.809453
768,Point ZM,0,0.965277,-0.186688,-0.202755,0.165285,-0.809453
769,Point ZM,0,0.965277,-0.186688,-0.202755,0.165285,0.083882
770,Point ZM,0,0.965277,-0.186688,-0.202755,0.165285,0.17043
771,Point ZM,0,0.965277,-0.186688,2.61886,0.165285,0.17043
772,Point ZM,0,0.965277,-1.03019,2.61886,0.165285,0.17043
773,Point ZM,0,0.965277,-0.159533,2.61886,0.165285,0.17043
774,Point ZM,0,0.496723,0.304827,-0.657437,0.165285,0.543944
775,Point ZM,0,0.965277,-0.159533,-0.682033,0.165285,0.083882
777,Point ZM,0,0.965277,0.616158,-1.03193,0.165285,0.543944
779,Point ZM,0,0.965277,0.304827,-0.657437,0.165285,0.083882
781,Point ZM,0,-0.431997,-0.186688,-2.2218,0.165285,-0.809453
784,Point ZM,0,-0.873904,-0.159533,-0.044,0.165285,0.17043
788,Point ZM,0,0.965277,0.304827,-2.2218,0.165285,-0.298904
789,Point ZM,0,0.496723,-1.03019,-0.044,0.165285,0.17043
791,Point ZM,0,0.496723,0.616158,-1.03193,0.165285,0.083882
792,Point ZM,0,0.496723,0.304827,-1.03193,0.165285,0.17043
793,Point ZM,0,0.965277,-0.186688,-1.03193,0.165285,0.083882
795,Point ZM,0,-0.431997,-1.03019,-0.044,0.165285,0.17043
797,Point ZM,0,0.965277,0.304827,-0.657437,0.165285,0.17043
798,Point ZM,0,0.965277,0.616158,-0.657437,0.165285,0.17043
800,Point ZM,0,0.496723,0.304827,-1.03193,0.165285,0.083882
801,Point ZM,0,0.965277,-0.159533,-1.03193,0.165285,-0.809453
802,Point ZM,0,0.965277,-1.03019,-2.2218,0.165285,0.17043
805,Point ZM,0,-0.431997,0.304827,-0.044,0.165285,-0.298904
806,Point ZM,0,0.965277,-0.186688,-2.2218,0.165285,-0.298904
807,Point ZM,0,0.965277,-1.03019,-0.682033,0.165285,-0.298904
810,Point ZM,0,0.965277,-0.159533,-0.202755,0.165285,0.083882
811,Point ZM,0,0.496723,0.304827,-0.202755,0.165285,0.543944
812,Point ZM,0,0.965277,-0.186688,1.02094,0.165285,-0.809453
814,Point ZM,0,0.965277,-0.159533,0.341524,0.165285,0.083882
815,Point ZM,0,0.496723,-0.186688,0.341524,0.165285,0.543944
818,Point ZM,0,0.965277,-1.03019,1.02094,0.165285,0.17043
819,Point ZM,0,0.965277,-1.03019,1.02094,0.165285,0.17043
822,Point ZM,0,0.965277,-0.186688,0.341524,0.165285,0.17043
824,Point ZM,0,0.965277,-0.159533,1.02094,0.165285,0.17043
826,Point ZM,0,0.965277,-0.186688,1.02094,0.165285,-0.809453
827,Point ZM,0,0.965277,0.304827,-0.682033,0.165285,0.17043
828,Point ZM,0,0.965277,0.616158,1.02094,0.165285,0.17043
829,Point ZM,0,0.965277,-0.159533,-0.682033,0.165285,0.17043
830,Point ZM,0,0.965277,0.304827,-0.682033,0.165285,-0.809453
831,Point ZM,0,0.965277,0.304827,-0.682033,0.165285,0.17043
832,Point ZM,0,0.965277,0.616158,-0.202755,0.165285,0.17043
833,Point ZM,0,0.965277,0.616158,1.02094,0.165285,0.17043
834,Point ZM,0,0.965277,0.304827,-0.202755,0.165285,0.083882
835,Point ZM,0,0.965277,0.304827,-0.202755,0.165285,-0.809453
836,Point ZM,0,0.965277,-0.186688,-0.682033,0.165285,-0.809453
837,Point ZM,0,0.965277,0.616158,-0.202755,0.165285,-0.809453
838,Point ZM,0,0.965277,0.304827,-0.682033,0.165285,-0.809453
839,Point ZM,0,0.965277,0.616158,-0.202755,0.165285,0.17043
841,Point ZM,0,0.496723,-0.159533,0,0.165285,0.083882
842,Point ZM,0,0.965277,0.616158,-0.626496,0.165285,0.543944
843,Point ZM,0,0.496723,0.616158,-0.626496,0.165285,0.17043
844,Point ZM,0,0.965277,-0.186688,-0.626496,0.165285,-0.809453
846,Point ZM,0,0.965277,0.304827,-0.626496,0.165285,0.17043
852,Point ZM,0,-0.431997,0.304827,-0.626496,0.165285,0.543944
0,Point ZM,1,-0.431997,-1.03019,1.44251,0.281144,-0.298904
1,Point ZM,1,-0.431997,-1.03019,-0.682033,0.281144,0.543944
2,Point ZM,1,0.965277,0.304827,-0.682033,0.281144,0.083882
3,Point ZM,1,-0.431997,0.616158,-0.202755,0.281144,-0.809453
5,Point ZM,1,-0.873904,0.616158,-0.202755,0.281144,0.083882
6,Point ZM,1,0.965277,-0.159533,1.26205,0.281144,0.083882
14,Point ZM,1,0.496723,0.616158,1.60759,0.281144,0.543944
17,Point ZM,1,0.965277,-0.186688,1.26205,0.281144,0.083882
20,Point ZM,1,0.965277,0.304827,-0.202755,0.281144,0.543944
23,Point ZM,1,0.965277,-0.186688,-0.682033,0.281144,0.17043
26,Point ZM,1,-0.873904,0.616158,-1.03193,0.281144,-0.809453
29,Point ZM,1,-0.873904,-1.03019,-1.03193,0.281144,0.543944
36,Point ZM,1,0.496723,-0.159533,1.36214,0.281144,0.543944
37,Point ZM,1,0.496723,-1.03019,0.143557,0.281144,0.543944
38,Point ZM,1,-0.431997,-0.186688,0.143557,0.281144,0.543944
39,Point ZM,1,-0.431997,0.616158,0.143557,0.281144,0.543944
44,Point ZM,1,-0.873904,-0.159533,-1.03193,0.281144,-0.809453
50,Point ZM,1,-0.431997,-1.03019,0.308424,0.281144,-0.298904
51,Point ZM,1,-1.11444,-0.159533,-0.202755,0.281144,0.543944
56,Point ZM,1,-0.873904,0.616158,0.308424,0.281144,0.543944
57,Point ZM,1,-0.873904,0.304827,0.308424,0.281144,0.083882
61,Point ZM,1,0.965277,0.304827,0.143557,0.281144,0.083882
65,Point ZM,1,0.965277,0.304827,0.143557,0.281144,0.543944
69,Point ZM,1,0.965277,-0.159533,1.60759,0.281144,0.543944
71,Point ZM,1,0.496723,-0.159533,1.20354,0.281144,0.543944
73,Point ZM,1,-0.431997,0.304827,-0.682033,0.281144,0.543944
79,Point ZM,1,-0.873904,-0.186688,-0.682033,0.281144,0.543944
82,Point ZM,1,-1.11444,-0.186688,-0.682033,0.281144,0.17043
85,Point ZM,1,0.496723,0.304827,0.308424,0.281144,-0.298904
89,Point ZM,1,-1.11444,0.304827,-0.202755,0.281144,-0.809453
96,Point ZM,1,0.496723,-1.03019,1.02094,0.281144,0.17043
97,Point ZM,1,0.965277,-0.186688,1.02094,0.281144,0.083882
100,Point ZM,1,0.496723,0.616158,1.02094,0.281144,0.17043
103,Point ZM,1,-0.431997,-0.159533,-0.682033,0.281144,0.083882
104,Point ZM,1,0.965277,0.304827,-0.682033,0.281144,0.083882
106,Point ZM,1,0.496723,0.304827,-0.202755,0.281144,0.543944
108,Point ZM,1,0.965277,-0.186688,-0.202755,0.281144,0.543944
109,Point ZM,1,-0.431997,0.304827,-0.202755,0.281144,0.083882
111,Point ZM,1,0.965277,-0.186688,-0.202755,0.281144,0.083882
118,Point ZM,1,-0.873904,-0.186688,-0.626496,0.281144,-0.809453
122,Point ZM,1,0.965277,0.304827,1.26205,0.281144,0.543944
124,Point ZM,1,-0.873904,-1.03019,-0.044,0.281144,0.543944
125,Point ZM,1,0.496723,0.304827,1.02094,0.281144,0.083882
128,Point ZM,1,0.965277,-0.159533,-0.202755,0.281144,0.543944
133,Point ZM,1,0.496723,0.304827,-0.202755,0.281144,0.17043
137,Point ZM,1,-1.11444,0.304827,-0.626496,0.281144,0.083882
140,Point ZM,1,0.496723,0.616158,1.02094,0.281144,0.083882
141,Point ZM,1,0.496723,0.616158,-0.682033,0.281144,0.17043
144,Point ZM,1,0.496723,0.304827,1.60759,0.281144,0.543944
145,Point ZM,1,-0.431997,0.304827,1.60759,0.281144,0.543944
148,Point ZM,1,0.965277,0.616158,1.20354,0.281144,0.17043
149,Point ZM,1,-1.11444,0.616158,-0.202755,0.281144,-0.809453
156,Point ZM,1,0.496723,-0.186688,-0.202755,0.281144,0.543944
157,Point ZM,1,0.965277,0.304827,-0.202755,0.281144,0.543944
158,Point ZM,1,0.496723,-0.186688,-0.202755,0.281144,0.543944
165,Point ZM,1,0.965277,0.304827,1.60759,0.281144,0.083882
167,Point ZM,1,-0.431997,0.616158,1.60759,0.281144,0.083882
168,Point ZM,1,0.496723,-0.186688,1.60759,0.281144,0.543944
170,Point ZM,1,0.965277,0.304827,-0.202755,0.281144,0.083882
171,Point ZM,1,0.965277,0.616158,0.143557,0.281144,0.543944
172,Point ZM,1,0.965277,0.616158,0.143557,0.281144,0.17043
173,Point ZM,1,0.965277,0.616158,0.143557,0.281144,0.083882
175,Point ZM,1,0.965277,0.616158,-0.682033,0.281144,0.17043
176,Point ZM,1,-0.431997,0.616158,-0.682033,0.281144,-0.809453
178,Point ZM,1,0.496723,0.304827,-0.682033,0.281144,0.543944
179,Point ZM,1,0.496723,-0.159533,-0.682033,0.281144,0.083882
184,Point ZM,1,0.965277,0.304827,-0.682033,0.281144,0.17043
190,Point ZM,1,0.496723,0.304827,-0.682033,0.281144,-0.809453
192,Point ZM,1,0.965277,0.616158,-0.682033,0.281144,-0.809453
193,Point ZM,1,0.965277,0.616158,-0.682033,0.281144,0.083882
194,Point ZM,1,0.496723,0.616158,-0.682033,0.281144,0.083882
201,Point ZM,1,-0.431997,-0.159533,-0.682033,0.281144,-0.809453
202,Point ZM,1,0.496723,-0.159533,-0.682033,0.281144,0.083882
203,Point ZM,1,0.496723,0.304827,-0.682033,0.281144,0.083882
206,Point ZM,1,0.496723,-0.159533,1.36214,0.281144,0.543944
208,Point ZM,1,0.496723,0.616158,1.26205,0.281144,0.543944
210,Point ZM,1,0.965277,0.304827,1.26205,0.281144,0.543944
213,Point ZM,1,0.965277,0.304827,1.36214,0.281144,0.083882
216,Point ZM,1,0.965277,0.304827,1.36214,0.281144,-0.809453
218,Point ZM,1,0.965277,0.616158,0.143557,0.281144,-0.809453
222,Point ZM,1,-0.431997,-0.186688,-0.202755,0.281144,0.17043
223,Point ZM,1,0.965277,-0.159533,0.143557,0.281144,0.083882
227,Point ZM,1,0.965277,-0.186688,0.341524,0.281144,-0.809453
228,Point ZM,1,0.965277,-0.186688,0.341524,0.281144,-0.809453
230,Point ZM,1,0.965277,-0.159533,0.143557,0.281144,0.543944
231,Point ZM,1,0.496723,0.304827,0.143557,0.281144,0.543944
235,Point ZM,1,0.496723,-0.159533,0.143557,0.281144,0.17043
236,Point ZM,1,0.965277,-0.186688,0.143557,0.281144,0.17043
237,Point ZM,1,0.496723,0.304827,0.341524,0.281144,0.543944
239,Point ZM,1,0.965277,0.304827,-0.202755,0.281144,0.17043
244,Point ZM,1,0.496723,-0.159533,1.60759,0.281144,0.543944
245,Point ZM,1,0.965277,-1.03019,-0.202755,0.281144,0.543944
246,Point ZM,1,0.496723,-0.159533,1.60759,0.281144,0.543944
247,Point ZM,1,0.965277,-1.03019,1.60759,0.281144,0.543944
260,Point ZM,1,0.496723,0.304827,1.20354,0.281144,0.083882
261,Point ZM,1,-0.431997,-0.159533,1.20354,0.281144,0.543944
262,Point ZM,1,-0.431997,-0.159533,1.20354,0.281144,0.543944
263,Point ZM,1,0.496723,0.304827,1.20354,0.281144,0.543944
264,Point ZM,1,0.496723,0.304827,0.341524,0.281144,0.543944
270,Point ZM,1,-1.11444,0.616158,-0.682033,0.281144,-0.809453
274,Point ZM,1,-1.11444,0.304827,1.96477,0.281144,-0.298904
275,Point ZM,1,-0.431997,-0.159533,-1.46465,0.281144,0.083882
279,Point ZM,1,0.965277,-1.03019,1.20354,0.281144,0.17043
280,Point ZM,1,0.965277,0.304827,1.20354,0.281144,0.17043
282,Point ZM,1,-0.431997,-0.159533,1.20354,0.281144,0.543944
284,Point ZM,1,-0.431997,-0.159533,1.20354,0.281144,0.543944
285,Point ZM,1,0.965277,0.616158,1.20354,0.281144,0.083882
287,Point ZM,1,-0.873904,0.304827,2.61886,0.281144,0.543944
293,Point ZM,1,0.496723,-0.159533,1.20354,0.281144,0.17043
294,Point ZM,1,0.496723,-0.159533,1.20354,0.281144,0.083882
295,Point ZM,1,0.496723,-0.159533,1.20354,0.281144,0.083882
296,Point ZM,1,0.496723,-0.159533,2.61886,0.281144,0.543944
297,Point ZM,1,0.965277,-0.159533,1.20354,0.281144,0.543944
299,Point ZM,1,-0.431997,-0.159533,1.20354,0.281144,0.543944
304,Point ZM,1,-1.11444,0.616158,1.20354,0.281144,0.543944
305,Point ZM,1,0.965277,-0.186688,-0.202755,0.281144,0.083882
306,Point ZM,1,-0.873904,0.616158,2.61886,0.281144,0.083882
307,Point ZM,1,0.965277,-0.186688,2.61886,0.281144,0.083882
312,Point ZM,1,0.965277,0.304827,1.20354,0.281144,0.083882
314,Point ZM,1,0.965277,0.616158,-0.682033,0.281144,0.17043
318,Point ZM,1,0.496723,0.616158,-0.682033,0.281144,0.17043
319,Point ZM,1,0.496723,-1.03019,1.26205,0.281144,0.543944
322,Point ZM,1,0.965277,-0.186688,1.20354,0.281144,0.543944
323,Point ZM,1,0.965277,0.304827,1.20354,0.281144,0.17043
326,Point ZM,1,-0.431997,0.304827,1.20354,0.281144,0.543944
329,Point ZM,1,0.496723,0.304827,-0.682033,0.281144,0.083882
332,Point ZM,1,-0.431997,-0.159533,-0.682033,0.281144,-0.809453
333,Point ZM,1,-1.11444,0.304827,-0.682033,0.281144,0.543944
334,Point ZM,1,0.496723,-0.186688,-0.657437,0.281144,0.083882
337,Point ZM,1,0.496723,-0.159533,1.26205,0.281144,0.543944
338,Point ZM,1,0.496723,0.616158,-0.202755,0.281144,0.543944
340,Point ZM,1,-0.431997,0.616158,-0.202755,0.281144,0.17043
341,Point ZM,1,0.965277,0.304827,-0.202755,0.281144,0.083882
346,Point ZM,1,-0.431997,0.304827,2.61886,0.281144,0.17043
349,Point ZM,1,0.965277,-0.159533,1.20354,0.281144,0.083882
351,Point ZM,1,-0.873904,0.304827,1.20354,0.281144,0.543944
353,Point ZM,1,-0.873904,0.304827,1.20354,0.281144,0.083882
355,Point ZM,1,0.965277,0.304827,1.20354,0.281144,0.17043
356,Point ZM,1,0.496723,0.304827,1.20354,0.281144,0.17043
359,Point ZM,1,0.965277,-0.186688,1.20354,0.281144,0.543944
360,Point ZM,1,0.965277,-0.159533,1.20354,0.281144,0.543944
361,Point ZM,1,-0.873904,0.616158,-0.682033,0.281144,0.083882
364,Point ZM,1,-0.873904,-0.186688,-0.682033,0.281144,0.543944
367,Point ZM,1,-1.11444,0.304827,0.308424,0.281144,0.17043
368,Point ZM,1,0.965277,0.304827,0.341524,0.281144,0.543944
374,Point ZM,1,-0.873904,0.616158,-0.657437,0.281144,0.083882
375,Point ZM,1,0.496723,-0.159533,2.61886,0.281144,0.17043
376,Point ZM,1,0.496723,0.304827,-0.202755,0.281144,-0.809453
378,Point ZM,1,0.965277,0.616158,-0.202755,0.281144,0.17043
379,Point ZM,1,-0.431997,-0.159533,-0.202755,0.281144,0.17043
385,Point ZM,1,0.496723,0.304827,1.20354,0.281144,-0.809453
389,Point ZM,1,0.496723,0.616158,1.20354,0.281144,-0.809453
396,Point ZM,1,0.965277,-0.186688,1.20354,0.281144,0.17043
397,Point ZM,1,0.965277,0.616158,1.20354,0.281144,0.543944
398,Point ZM,1,0.965277,-0.159533,1.20354,0.281144,0.543944
400,Point ZM,1,0.965277,-0.186688,1.20354,0.281144,0.543944
404,Point ZM,1,0.496723,0.304827,1.20354,0.281144,-0.809453
405,Point ZM,1,0.496723,0.304827,1.20354,0.281144,-0.809453
410,Point ZM,1,0.965277,0.304827,2.61886,0.281144,0.083882
412,Point ZM,1,0.496723,-0.159533,1.20354,0.281144,0.543944
413,Point ZM,1,0.965277,-1.03019,-0.657437,0.281144,0.543944
417,Point ZM,1,0.496723,-1.03019,-0.657437,0.281144,0.543944
418,Point ZM,1,0.496723,-0.186688,-0.657437,0.281144,0.083882
419,Point ZM,1,-0.431997,-0.159533,-0.657437,0.281144,0.083882
420,Point ZM,1,0.496723,0.616158,-0.657437,0.281144,0.543944
423,Point ZM,1,-0.431997,0.616158,-0.657437,0.281144,0.083882
424,Point ZM,1,0.496723,-0.159533,-0.657437,0.281144,0.543944
426,Point ZM,1,0.965277,-1.03019,-0.202755,0.281144,0.543944
431,Point ZM,1,0.965277,0.304827,-0.202755,0.281144,0.543944
434,Point ZM,1,0.496723,0.616158,-0.202755,0.281144,0.083882
438,Point ZM,1,-0.873904,0.304827,1.02094,0.281144,0.083882
440,Point ZM,1,-0.873904,0.616158,1.02094,0.281144,0.083882
442,Point ZM,1,-0.873904,0.616158,1.02094,0.281144,-0.809453
444,Point ZM,1,0.496723,-0.186688,1.02094,0.281144,0.543944
445,Point ZM,1,-0.431997,-0.186688,1.02094,0.281144,0.543944
447,Point ZM,1,-0.431997,0.304827,1.02094,0.281144,0.083882
451,Point ZM,1,-0.431997,-0.186688,1.02094,0.281144,0.083882
455,Point ZM,1,-0.873904,-0.186688,-1.54559,0.281144,0.543944
456,Point ZM,1,0.496723,-0.186688,-1.54559,0.281144,0.543944
457,Point ZM,1,0.496723,-0.159533,-1.54559,0.281144,0.543944
459,Point ZM,1,0.496723,-0.186688,-1.54559,0.281144,0.083882
460,Point ZM,1,0.496723,-0.159533,-1.54559,0.281144,0.543944
462,Point ZM,1,-0.431997,-0.159533,-1.54559,0.281144,0.543944
467,Point ZM,1,0.965277,-1.03019,1.02094,0.281144,0.17043
468,Point ZM,1,0.965277,0.304827,1.02094,0.281144,-0.809453
469,Point ZM,1,0.496723,0.304827,1.02094,0.281144,-0.809453
470,Point ZM,1,0.496723,-0.159533,1.02094,0.281144,0.083882
472,Point ZM,1,-0.431997,-0.186688,1.02094,0.281144,0.083882
477,Point ZM,1,0.965277,-1.03019,1.02094,0.281144,0.17043
478,Point ZM,1,0.965277,-1.03019,1.02094,0.281144,0.17043
479,Point ZM,1,0.965277,-1.03019,1.02094,0.281144,0.17043
484,Point ZM,1,0.496723,-0.159533,1.02094,0.281144,-0.809453
485,Point ZM,1,0.496723,-0.186688,1.02094,0.281144,0.083882
489,Point ZM,1,-0.431997,-0.186688,1.02094,0.281144,0.083882
490,Point ZM,1,0.496723,-0.186688,1.02094,0.281144,0.543944
494,Point ZM,1,0.496723,0.304827,1.02094,0.281144,-0.809453
495,Point ZM,1,0.965277,-1.03019,1.02094,0.281144,0.543944
498,Point ZM,1,0.965277,0.304827,1.02094,0.281144,0.083882
501,Point ZM,1,-0.873904,-0.159533,1.26205,0.281144,0.543944
506,Point ZM,1,-0.431997,-0.186688,-1.03193,0.281144,0.083882
509,Point ZM,1,-0.873904,-0.186688,-1.03193,0.281144,0.543944
511,Point ZM,1,0.496723,-0.186688,1.26205,0.281144,0.543944
515,Point ZM,1,-0.431997,-1.03019,-0.202755,0.281144,0.543944
517,Point ZM,1,-0.873904,0.616158,-0.202755,0.281144,0.543944
518,Point ZM,1,-0.431997,0.304827,-0.202755,0.281144,0.543944
523,Point ZM,1,0.496723,-0.186688,-0.202755,0.281144,0.543944
525,Point ZM,1,0.496723,-1.03019,1.26205,0.281144,0.543944
531,Point ZM,1,-1.11444,0.304827,-0.202755,0.281144,-0.809453
535,Point ZM,1,-1.11444,0.616158,1.02094,0.281144,-0.809453
538,Point ZM,1,0.496723,0.304827,0.341524,0.281144,0.543944
544,Point ZM,1,-0.431997,0.304827,-0.626496,0.281144,0.543944
545,Point ZM,1,-0.431997,0.304827,-0.202755,0.281144,0.543944
546,Point ZM,1,-0.873904,0.616158,-0.202755,0.281144,0.543944
556,Point ZM,1,0.965277,-0.186688,7.64408,0.281144,0.543944
561,Point ZM,1,-0.873904,0.616158,-1.75235,0.281144,0.543944
567,Point ZM,1,0.965277,0.304827,-0.202755,0.281144,0.543944
568,Point ZM,1,0.496723,0.304827,-0.202755,0.281144,0.543944
572,Point ZM,1,0.965277,0.304827,1.20354,0.281144,0.543944
574,Point ZM,1,0.496723,0.616158,-0.657437,0.281144,0.543944
575,Point ZM,1,0.965277,0.616158,-0.202755,0.281144,0.543944
578,Point ZM,1,-0.431997,-0.159533,1.26205,0.281144,0.543944
582,Point ZM,1,0.965277,-0.186688,1.60759,0.281144,0.543944
585,Point ZM,1,0.496723,0.304827,-0.202755,0.281144,0.083882
586,Point ZM,1,-0.873904,-0.159533,1.26205,0.281144,0.543944
590,Point ZM,1,-0.431997,-0.186688,-1.03193,0.281144,0.083882
593,Point ZM,1,-0.873904,-0.186688,-1.03193,0.281144,0.543944
595,Point ZM,1,0.496723,-0.186688,1.26205,0.281144,0.543944
599,Point ZM,1,-0.431997,-1.03019,-0.202755,0.281144,0.543944
601,Point ZM,1,-0.873904,0.616158,-0.202755,0.281144,0.543944
602,Point ZM,1,-0.431997,0.304827,-0.202755,0.281144,0.543944
607,Point ZM,1,0.496723,-0.186688,-0.202755,0.281144,0.543944
610,Point ZM,1,-1.11444,0.304827,-0.202755,0.281144,-0.809453
615,Point ZM,1,-0.431997,0.616158,-0.626496,0.281144,0.543944
616,Point ZM,1,-0.431997,0.304827,-0.202755,0.281144,0.543944
617,Point ZM,1,-0.873904,0.616158,-0.202755,0.281144,0.543944
622,Point ZM,1,0.496723,0.304827,0.341524,0.281144,0.543944
625,Point ZM,1,-1.11444,0.616158,1.02094,0.281144,-0.809453
626,Point ZM,1,0.496723,-1.03019,-0.012,0.281144,0.543944
627,Point ZM,1,-0.431997,-1.03019,-0.012,0.281144,0.083882
628,Point ZM,1,-0.431997,-1.03019,-0.012,0.281144,0.543944
636,Point ZM,0,0.965277,0.304827,1.60759,0.281144,0.543944
643,Point ZM,0,0.965277,-0.159533,1.02094,0.281144,0.543944
652,Point ZM,0,-0.873904,-0.186688,-0.029,0.281144,0.17043
654,Point ZM,0,-0.873904,-0.186688,-0.027,0.281144,-0.298904
655,Point ZM,0,-0.873904,-0.186688,-0.029,0.281144,-0.298904
661,Point ZM,0,-0.431997,-0.186688,-1.03193,0.281144,0.543944
664,Point ZM,0,-0.873904,-0.186688,-0.682033,0.281144,0.543944
669,Point ZM,0,-1.11444,-0.159533,-2.2218,0.281144,-0.298904
677,Point ZM,0,0.496723,-1.03019,-0.202755,0.281144,-0.809453
679,Point ZM,0,0.496723,-1.03019,-1.75235,0.281144,0.17043
689,Point ZM,0,-0.431997,-1.03019,-0.202755,0.281144,0.543944
693,Point ZM,0,-0.431997,-1.03019,-0.202755,0.281144,-0.298904
699,Point ZM,0,0.496723,-1.03019,-0.626496,0.281144,0.17043
703,Point ZM,0,0.496723,-1.03019,-0.626496,0.281144,0.17043
707,Point ZM,0,-0.431997,-0.159533,-0.626496,0.281144,-0.809453
709,Point ZM,0,-0.431997,-0.159533,-0.626496,0.281144,0.543944
716,Point ZM,0,-0.431997,-1.03019,-1.54559,0.281144,0.083882
724,Point ZM,0,-0.873904,-0.186688,-0.626496,0.281144,-0.298904
725,Point ZM,0,-1.11444,-1.03019,-2.2218,0.281144,-0.809453
736,Point ZM,0,-0.431997,-0.159533,-0.202755,0.281144,0.543944
740,Point ZM,0,-0.431997,0.304827,-0.202755,0.281144,0.543944
742,Point ZM,0,0.496723,-0.159533,-0.202755,0.281144,0.17043
744,Point ZM,0,0.496723,0.304827,-0.202755,0.281144,0.17043
746,Point ZM,0,0.965277,-0.159533,-0.682033,0.281144,-0.809453
747,Point ZM,0,0.496723,0.304827,-0.682033,0.281144,0.17043
757,Point ZM,0,0.496723,0.304827,0.341524,0.281144,0.083882
778,Point ZM,0,0.496723,-0.159533,-0.657437,0.281144,0.543944
780,Point ZM,0,-0.431997,-1.03019,-2.2218,0.281144,0.543944
787,Point ZM,0,-0.873904,-1.03019,-0.044,0.281144,0.17043
799,Point ZM,0,-0.431997,0.304827,-0.657437,0.281144,0.543944
804,Point ZM,0,-0.873904,-0.186688,-2.2218,0.281144,0.083882
808,Point ZM,0,0.496723,-1.03019,-1.75235,0.281144,-0.298904
809,Point ZM,0,0.965277,-0.186688,-0.202755,0.281144,0.543944
813,Point ZM,0,0.496723,0.304827,1.36214,0.281144,0.543944
821,Point ZM,0,0.965277,-1.03019,0.341524,0.281144,-0.809453
823,Point ZM,0,0.965277,0.304827,0.341524,0.281144,-0.809453
825,Point ZM,0,0.965277,-0.159533,1.02094,0.281144,0.083882
840,Point ZM,0,0.965277,0.304827,-0.202755,0.281144,0.083882
853,Point ZM,0,-0.873904,-0.186688,-0.626496,0.281144,-0.298904
19,Point ZM,1,0.496723,-0.159533,-0.202755,-0.951232,0.543944
27,Point ZM,1,-1.11444,-0.159533,-1.03193,-0.951232,0.17043
55,Point ZM,1,-0.873904,0.616158,0.308424,-0.951232,0.543944
70,Point ZM,1,-0.873904,0.304827,2.61886,-0.951232,0.083882
87,Point ZM,1,-0.873904,-1.03019,-0.202755,-0.951232,0.083882
90,Point ZM,1,-0.431997,-0.159533,-0.682033,-0.951232,-0.809453
117,Point ZM,1,-0.431997,-0.186688,-0.682033,-0.951232,-0.298904
121,Point ZM,1,-0.873904,0.304827,1.26205,-0.951232,0.083882
130,Point ZM,1,-0.431997,-0.186688,1.26205,-0.951232,0.543944
131,Point ZM,1,-0.431997,-1.03019,1.26205,-0.951232,0.543944
135,Point ZM,1,0.965277,-0.159533,-0.657437,-0.951232,-0.809453
150,Point ZM,1,-0.431997,-0.186688,1.26205,-0.951232,0.543944
151,Point ZM,1,-0.431997,-0.186688,1.26205,-0.951232,0.543944
152,Point ZM,1,-0.873904,-0.159533,-0.202755,-0.951232,0.543944
153,Point ZM,1,0.965277,-1.03019,1.26205,-0.951232,0.543944
154,Point ZM,1,-1.11444,-1.03019,-0.682033,-0.951232,-0.298904
169,Point ZM,1,0.496723,-0.159533,1.60759,-0.951232,0.083882
207,Point ZM,1,-1.11444,0.304827,1.26205,-0.951232,0.543944
209,Point ZM,1,-0.431997,0.616158,1.26205,-0.951232,0.543944
211,Point ZM,1,0.496723,-1.03019,1.36214,-0.951232,0.543944
212,Point ZM,1,0.965277,-1.03019,1.36214,-0.951232,0.543944
214,Point ZM,1,0.965277,0.304827,1.36214,-0.951232,0.083882
215,Point ZM,1,-1.11444,0.616158,1.26205,-0.951232,0.083882
217,Point ZM,1,-0.873904,0.304827,0.143557,-0.951232,-0.809453
229,Point ZM,1,0.965277,-0.159533,0.341524,-0.951232,0.17043
248,Point ZM,1,0.965277,0.616158,1.20354,-0.951232,0.543944
249,Point ZM,1,0.965277,0.616158,1.20354,-0.951232,0.543944
250,Point ZM,1,0.965277,0.616158,1.20354,-0.951232,0.543944
251,Point ZM,1,0.965277,0.616158,1.20354,-0.951232,0.543944
252,Point ZM,1,0.965277,0.616158,1.20354,-0.951232,0.543944
253,Point ZM,1,0.965277,-0.159533,1.20354,-0.951232,0.083882
254,Point ZM,1,0.965277,-0.186688,1.20354,-0.951232,0.083882
255,Point ZM,1,0.965277,-0.186688,1.20354,-0.951232,0.17043
256,Point ZM,1,0.965277,-0.186688,1.20354,-0.951232,0.17043
257,Point ZM,1,0.965277,-0.186688,1.20354,-0.951232,0.083882
283,Point ZM,1,0.496723,-0.159533,1.20354,-0.951232,0.083882
286,Point ZM,1,-0.431997,0.304827,1.20354,-0.951232,0.083882
288,Point ZM,1,-0.431997,-0.186688,2.61886,-0.951232,0.083882
289,Point ZM,1,-1.11444,0.616158,2.61886,-0.951232,0.083882
290,Point ZM,1,-0.431997,0.304827,1.20354,-0.951232,-0.809453
291,Point ZM,1,0.965277,-0.186688,1.20354,-0.951232,0.17043
292,Point ZM,1,0.965277,-1.03019,1.20354,-0.951232,0.17043
303,Point ZM,1,0.965277,-0.159533,1.20354,-0.951232,0.543944
308,Point ZM,1,0.965277,0.304827,-0.202755,-0.951232,0.083882
309,Point ZM,1,0.496723,-0.159533,-0.202755,-0.951232,0.543944
311,Point ZM,1,-0.431997,-0.159533,1.20354,-0.951232,0.083882
316,Point ZM,1,0.496723,0.304827,-0.682033,-0.951232,0.083882
317,Point ZM,1,0.965277,-1.03019,-0.682033,-0.951232,0.543944
324,Point ZM,1,0.965277,-0.159533,1.20354,-0.951232,0.543944
328,Point ZM,1,0.496723,-1.03019,-0.682033,-0.951232,0.083882
335,Point ZM,1,0.496723,-0.159533,-0.657437,-0.951232,0.083882
344,Point ZM,1,0.965277,-0.159533,1.20354,-0.951232,0.083882
345,Point ZM,1,0.965277,0.616158,1.20354,-0.951232,0.543944
348,Point ZM,1,-0.431997,0.304827,2.61886,-0.951232,0.17043
369,Point ZM,1,-0.873904,0.616158,0.341524,-0.951232,-0.809453
371,Point ZM,1,0.496723,-0.186688,0.341524,-0.951232,0.083882
399,Point ZM,1,0.496723,0.304827,1.20354,-0.951232,0.543944
406,Point ZM,1,0.496723,-0.159533,1.20354,-0.951232,-0.809453
411,Point ZM,1,0.496723,0.304827,1.20354,-0.951232,0.083882
427,Point ZM,1,-0.873904,0.304827,-0.202755,-0.951232,0.083882
430,Point ZM,1,0.965277,-0.186688,-0.202755,-0.951232,0.083882
435,Point ZM,1,-0.431997,0.304827,-0.202755,-0.951232,0.17043
436,Point ZM,1,0.496723,0.616158,-0.202755,-0.951232,0.083882
437,Point ZM,1,0.965277,0.616158,-0.202755,-0.951232,0.543944
453,Point ZM,1,0.496723,-0.186688,-1.54559,-0.951232,0.543944
454,Point ZM,1,0.496723,-0.186688,-1.54559,-0.951232,0.083882
471,Point ZM,1,0.496723,-0.159533,1.02094,-0.951232,0.17043
473,Point ZM,1,-0.431997,-0.186688,1.02094,-0.951232,0.17043
493,Point ZM,1,-0.431997,0.304827,1.02094,-0.951232,-0.809453
496,Point ZM,1,-0.431997,-0.159533,1.02094,-0.951232,0.543944
497,Point ZM,1,0.496723,-0.159533,1.02094,-0.951232,0.543944
507,Point ZM,1,0.965277,-0.159533,-0.202755,-0.951232,0.083882
508,Point ZM,1,-0.431997,-0.186688,0.341524,-0.951232,0.083882
510,Point ZM,1,0.965277,0.304827,0.308424,-0.951232,0.17043
512,Point ZM,1,-1.11444,-0.186688,-0.202755,-0.951232,0.083882
514,Point ZM,1,-0.431997,0.304827,-0.202755,-0.951232,0.543944
552,Point ZM,1,0.496723,-1.03019,0.341524,-0.951232,0.083882
553,Point ZM,1,-0.431997,0.304827,1.02094,-0.951232,0.17043
554,Point ZM,1,-0.431997,0.304827,1.02094,-0.951232,0.17043
555,Point ZM,1,0.965277,-1.03019,1.02094,-0.951232,0.543944
580,Point ZM,1,0.496723,0.616158,2.61886,-0.951232,0.17043
583,Point ZM,1,0.496723,0.616158,-0.202755,-0.951232,0.083882
591,Point ZM,1,0.965277,-0.159533,-0.202755,-0.951232,0.083882
592,Point ZM,1,-0.431997,-0.186688,0.341524,-0.951232,0.083882
594,Point ZM,1,0.965277,0.304827,0.308424,-0.951232,0.17043
596,Point ZM,1,-1.11444,-0.186688,-0.202755,-0.951232,0.083882
598,Point ZM,1,-0.431997,0.304827,-0.202755,-0.951232,0.543944
629,Point ZM,1,-0.431997,-1.03019,-1.03193,-0.951232,0.083882
631,Point ZM,1,-0.873904,-0.186688,-0.044,-0.951232,0.083882
635,Point ZM,0,-0.431997,-1.03019,-1.46465,-0.951232,0.083882
651,Point ZM,0,-0.431997,-1.03019,-0.029,-0.951232,0.083882
670,Point ZM,0,-1.11444,-1.03019,-2.2218,-0.951232,0.083882
685,Point ZM,0,-0.873904,-1.03019,-0.202755,-0.951232,-0.298904
688,Point ZM,0,-0.431997,-1.03019,-0.202755,-0.951232,0.543944
690,Point ZM,0,-0.873904,-1.03019,-0.202755,-0.951232,0.543944
691,Point ZM,0,0.496723,-1.03019,-0.202755,-0.951232,0.17043
694,Point ZM,0,-0.431997,-1.03019,-0.202755,-0.951232,-0.298904
695,Point ZM,0,-0.431997,-1.03019,-0.202755,-0.951232,-0.809453
696,Point ZM,0,0.965277,-0.159533,-0.626496,-0.951232,0.083882
697,Point ZM,0,0.496723,-1.03019,-0.626496,-0.951232,0.083882
698,Point ZM,0,0.965277,-1.03019,-0.626496,-0.951232,0.17043
701,Point ZM,0,-0.431997,0.304827,-0.626496,-0.951232,-0.809453
704,Point ZM,0,-0.431997,-1.03019,-0.626496,-0.951232,-0.298904
705,Point ZM,0,0.496723,-1.03019,-0.626496,-0.951232,-0.298904
708,Point ZM,0,0.496723,-1.03019,-0.626496,-0.951232,0.083882
710,Point ZM,0,0.496723,-1.03019,-0.626496,-0.951232,0.543944
711,Point ZM,0,-0.873904,-0.159533,-0.626496,-0.951232,0.543944
712,Point ZM,0,0.496723,-1.03019,-0.626496,-0.951232,0.083882
713,Point ZM,0,-0.431997,0.304827,-0.626496,-0.951232,0.083882
715,Point ZM,0,-0.873904,-1.03019,-1.54559,-0.951232,0.17043
721,Point ZM,0,0.496723,-1.03019,-0.012,-0.951232,0.083882
722,Point ZM,0,-0.431997,-1.03019,-0.012,-0.951232,0.083882
735,Point ZM,0,0.496723,0.304827,-0.202755,-0.951232,0.543944
743,Point ZM,0,-0.431997,0.304827,-0.202755,-0.951232,0.17043
745,Point ZM,0,0.965277,-0.159533,-0.682033,-0.951232,0.083882
754,Point ZM,0,-0.431997,-0.186688,1.26205,-0.951232,0.083882
758,Point ZM,0,0.965277,-0.186688,0.341524,-0.951232,0.17043
760,Point ZM,0,0.496723,-1.03019,0.341524,-0.951232,0.083882
776,Point ZM,0,-0.431997,-0.186688,-1.03193,-0.951232,0.543944
782,Point ZM,0,-1.11444,-1.03019,-0.044,-0.951232,-0.809453
783,Point ZM,0,-0.431997,-1.03019,-1.03193,-0.951232,-0.809453
785,Point ZM,0,0.496723,-1.03019,-1.03193,-0.951232,-0.809453
786,Point ZM,0,-0.431997,-1.03019,-1.03193,-0.951232,0.543944
790,Point ZM,0,-0.431997,-1.03019,-1.03193,-0.951232,0.543944
794,Point ZM,0,-0.873904,-1.03019,-1.03193,-0.951232,0.543944
796,Point ZM,0,-0.431997,-1.03019,-2.2218,-0.951232,0.543944
803,Point ZM,0,-0.873904,-1.03019,-2.2218,-0.951232,-0.298904
817,Point ZM,0,0.496723,0.304827,0.308424,-0.951232,0.17043
820,Point ZM,0,0.965277,-1.03019,0.341524,-0.951232,0.17043
845,Point ZM,0,-0.431997,0.304827,-0.626496,-0.951232,0.17043
848,Point ZM,0,0.496723,-0.186688,-0.626496,-0.951232,0.17043
851,Point ZM,0,0.496723,-1.03019,-0.626496,-0.951232,0.083882
854,Point ZM,0,-0.431997,-1.03019,-0.012,-0.951232,-0.298904
59,Point ZM,1,0.496723,-1.03019,0.341524,-1.12142,0.17043
267,Point ZM,1,-0.873904,-1.03019,0.341524,-1.12142,0.083882
432,Point ZM,1,0.965277,0.616158,-0.202755,-1.12142,0.543944
433,Point ZM,1,0.965277,0.304827,-0.202755,-1.12142,0.543944
516,Point ZM,1,-0.431997,-0.186688,-1.03193,-1.12142,0.083882
584,Point ZM,1,0.965277,0.304827,-0.202755,-1.12142,0.543944
600,Point ZM,1,-0.431997,-0.186688,-1.03193,-1.12142,0.083882
632,Point ZM,1,-1.11444,-0.186688,-0.044,-1.12142,0.083882
649,Point ZM,0,-0.431997,-0.186688,-0.029,-1.12142,0.17043
666,Point ZM,0,-0.431997,-1.03019,-0.682033,-1.12142,-0.298904
700,Point ZM,0,-0.431997,0.304827,-0.626496,-1.12142,-0.809453
714,Point ZM,0,0.496723,-1.03019,-0.626496,-1.12142,0.17043
720,Point ZM,0,-0.873904,-0.159533,-0.012,-1.12142,0.083882
755,Point ZM,0,0.496723,0.616158,-0.202755,-1.12142,0.543944
816,Point ZM,0,0.496723,-0.186688,0.341524,-1.12142,0.17043
847,Point ZM,0,0.496723,-1.03019,-0.626496,-1.12142,0.083882
849,Point ZM,0,0.496723,-1.03019,0.308424,-1.12142,0.083882
850,Point ZM,0,-0.431997,-1.03019,-0.626496,-1.12142,-0.809453
